dataset,method,status,batch_silhouette,asw_batch,graph_connectivity,ilisi_scaled
pancreas,pca,completed,-0.11013834923505783,0.8463197265352521,0.9425692033177956,0.003092050552368164
pancreas,geneformer,completed,0.05525654926896095,0.8550582570689065,0.5038652387691159,0.014327451586723328
pancreas,harmony,completed,-0.22125984728336334,0.8669819193226951,0.887065746737631,0.21005916595458984
pancreas,scvi,completed,-0.04770200327038765,0.8584190479346684,0.936583210554323,0.1181829571723938
pancreas,scgpt,completed,0.04134689271450043,0.8492724342005593,0.7694744306656751,0.0063738226890563965
pancreas,uce,blocked,,,,
pbmc,pca,completed,-0.0004061710787937045,0.9729209740956625,0.7735560062993518,0.7868094444274902
pbmc,geneformer,completed,0.002963599283248186,0.9675084551175436,0.7647715679037247,0.7008204460144043
pbmc,harmony,completed,-0.001167728565633297,0.9779298570421007,0.7790124908935975,0.8264739513397217
pbmc,scvi,completed,0.0011303575010970235,0.9778158267339071,0.9378488242301457,0.7616029977798462
pbmc,scgpt,completed,0.0016543470555916429,0.969445202085707,0.8478027290113077,0.7442889213562012
pbmc,uce,blocked,,,,
