dataset,method,status,ari,nmi,cell_type_silhouette,knn_macro_f1,logistic_macro_f1
pancreas,pca,completed,0.7129127579712189,0.7984192766442956,0.21986161172389984,0.9551584861690833,0.9778758692365004
pancreas,geneformer,completed,0.050193181085463195,0.11351904655590664,-0.2668815553188324,0.4746030769916364,0.7643451754489563
pancreas,harmony,completed,0.9219064771432817,0.88105436428923,0.3524198830127716,0.8814734095845819,0.9495305510062403
pancreas,scvi,completed,0.5244095138839945,0.7673816151886469,0.24087147414684296,0.8995471427419943,0.9718409740349658
pancreas,scgpt,completed,0.2747793994313853,0.45760739343813656,-0.00891207717359066,0.6967955544633647,0.8998650306521496
pancreas,uce,blocked,,,,,
pbmc,pca,completed,0.7531757160867364,0.785864714469779,0.20413045585155487,0.9300804596718746,0.9287970979662279
pbmc,geneformer,completed,0.28905742983769217,0.46707406565246234,0.025739071890711784,0.7833232326196972,0.8394624025099341
pbmc,harmony,completed,0.706194498384398,0.7867749191033241,0.20445705950260162,0.9229895601997432,0.9324089006610825
pbmc,scvi,completed,0.5417955790816756,0.7300911270973006,0.1469210833311081,0.9271432257883147,0.949158903271068
pbmc,scgpt,completed,0.6692582633789435,0.7858316751021232,0.2569933235645294,0.927563612207329,0.9568516510563685
pbmc,uce,blocked,,,,,
