dataset,method,status,wall_seconds,peak_rss_bytes,peak_accelerator_bytes,execution_target,model_runtime_bytes,embedding_dimensions,embedding_bytes,wall_seconds_lower_bound,wall_seconds_reason,numerical_threads,model_batch_size,max_rss_limit_bytes,max_gpu_used_limit_bytes
pancreas,pca,completed,7.941703041999972,1931542528,,CPU,1296695770,50,3156785,,,1,,2147483648,
pancreas,geneformer,completed,8448.011730292,1841070080,,CPU,2255303564,256,15687884,,,1,1,2147483648,
pancreas,harmony,completed,22.929401999999754,1840218112,,CPU,1296695770,50,3160534,,,1,,2147483648,
pancreas,scvi,completed,333.28791012500005,1797013504,,CPU,1296695770,30,1944364,,,1,128,2147483648,
pancreas,scgpt,completed,515.536567396,2518573056,3510297600,CUDA,27751283099,512,31318387,,,6,16,17179869184,6442450944
pancreas,uce,blocked,,,,CPU,,,,,,6,16,17179869184,6442450944
pbmc,pca,completed,7.514706750000187,1279705088,,CPU,1296210329,50,2335972,,,1,,2147483648,
pbmc,geneformer,completed,804.1007339999996,731430912,,CPU,2255303564,256,11506625,,,1,1,2147483648,
pbmc,harmony,completed,15.195992250000018,1299136512,,CPU,1296210329,50,2335806,,,1,,2147483648,
pbmc,scvi,completed,249.21706391599946,1019445248,,CPU,1296210329,30,1462684,,,1,128,2147483648,
pbmc,scgpt,completed,4994.065955374999,1237647360,,CPU,1925325261,512,22957172,,,1,1,2147483648,
pbmc,uce,blocked,0.1423245420010062,23281664,,CPU,11757034470,,,,,1,1,2147483648,
